timestamp,inference_ms,fps,probability,smoothed_probability,prediction,face_detected
2026-09-26 17:01:30.492,0.0,21.73,0.0,0.0,0,True
2026-09-26 17:01:30.538,0.0,34.59,0.0,0.0,0,True
2026-09-26 17:01:30.567,0.0,38.44,0.0,0.0,0,True
2026-09-26 17:01:30.593,0.0,36.7,0.0,0.0,0,True
2026-09-26 17:01:30.620,0.0,37.94,0.0,0.0,0,True
2026-09-26 17:01:30.647,0.0,38.45,0.0,0.0,0,True
2026-09-26 17:01:30.673,0.0,40.37,0.0,0.0,0,True
2026-09-26 17:01:30.697,0.0,39.84,0.0,0.0,0,True
2026-09-26 17:01:30.722,0.0,42.64,0.0,0.0,0,True
2026-09-26 17:01:30.746,0.0,37.07,0.0,0.0,0,True
2026-09-26 17:01:30.773,0.0,39.51,0.0,0.0,0,True
2026-09-26 17:01:30.798,0.0,39.96,0.0,0.0,0,True
2026-09-26 17:01:30.823,0.0,42.25,0.0,0.0,0,True
2026-09-26 17:01:30.847,0.0,39.99,0.0,0.0,0,True
2026-09-26 17:01:30.872,0.0,42.6,0.0,0.0,0,True
2026-09-26 17:01:30.895,69.69,8.9,0.9998,0.9998,1,True
2026-09-26 17:01:31.008,65.61,10.27,0.9998,0.9998,1,True
2026-09-26 17:01:31.105,63.6,10.11,0.9998,0.9998,1,True
2026-09-26 17:01:31.204,68.15,9.25,0.9998,0.9998,1,True
2026-09-26 17:01:31.312,69.0,9.32,0.9998,0.9998,1,True
2026-09-26 17:01:31.420,69.59,9.23,0.9998,0.9998,1,True
2026-09-26 17:01:31.528,71.08,8.97,0.9998,0.9998,1,True
2026-09-26 17:01:31.639,71.48,8.79,0.9998,0.9998,1,True
2026-09-26 17:01:31.753,67.08,9.33,0.9998,0.9998,1,True
2026-09-26 17:01:31.860,74.88,8.42,0.9998,0.9998,1,True
2026-09-26 17:01:31.979,71.9,8.51,0.9998,0.9998,1,True
2026-09-26 17:01:32.097,74.32,8.22,0.9998,0.9998,1,True
2026-09-26 17:01:32.218,78.03,8.1,0.9998,0.9998,1,True
2026-09-26 17:01:32.342,67.75,9.24,0.9998,0.9998,1,True
2026-09-26 17:01:32.450,70.33,9.02,0.9999,0.9998,1,True
2026-09-26 17:01:32.561,70.1,8.61,0.9999,0.9998,1,True
2026-09-26 17:01:32.677,74.78,8.36,0.9999,0.9998,1,True
2026-09-26 17:01:32.797,71.73,8.63,0.9999,0.9998,1,True
2026-09-26 17:01:32.913,73.45,8.53,0.9998,0.9998,1,True
2026-09-26 17:01:33.030,74.91,8.13,0.9999,0.9998,1,True
2026-09-26 17:01:33.153,71.57,8.87,0.9999,0.9998,1,True
2026-09-26 17:01:33.266,71.73,8.85,0.9999,0.9999,1,True
2026-09-26 17:01:33.379,72.48,8.48,0.9998,0.9998,1,True
2026-09-26 17:01:33.497,65.77,9.72,0.9999,0.9999,1,True
2026-09-26 17:01:33.600,69.48,9.14,0.9998,0.9998,1,True
2026-09-26 17:01:33.709,69.29,9.06,0.9998,0.9998,1,True
2026-09-26 17:01:33.819,73.89,8.48,0.9998,0.9998,1,True
2026-09-26 17:01:33.937,98.71,7.05,0.9998,0.9998,1,True
2026-09-26 17:01:34.079,89.12,7.23,0.9999,0.9998,1,True
2026-09-26 17:01:34.217,75.5,8.19,0.9999,0.9998,1,True
2026-09-26 17:01:34.340,93.31,7.22,0.9999,0.9999,1,True
2026-09-26 17:01:34.478,87.48,7.35,0.9999,0.9999,1,True
2026-09-26 17:01:34.614,78.61,7.96,0.9999,0.9999,1,True
2026-09-26 17:01:34.740,75.72,8.09,0.9999,0.9999,1,True
2026-09-26 17:01:34.864,74.79,8.53,0.9999,0.9999,1,True
2026-09-26 17:01:34.981,87.07,7.23,0.9998,0.9999,1,True
2026-09-26 17:01:35.119,77.46,8.08,0.9999,0.9999,1,True
2026-09-26 17:01:35.243,76.27,8.19,0.9999,0.9999,1,True
2026-09-26 17:01:35.365,78.44,8.07,0.9999,0.9999,1,True
2026-09-26 17:01:35.489,77.02,8.29,0.9999,0.9999,1,True
2026-09-26 17:01:35.610,78.07,8.16,0.9998,0.9999,1,True
2026-09-26 17:01:35.732,137.58,5.29,0.9998,0.9999,1,True
2026-09-26 17:01:35.921,129.79,4.31,0.9998,0.9998,1,True
2026-09-26 17:01:36.153,110.62,5.48,0.9998,0.9998,1,True
2026-09-26 17:01:36.336,101.82,6.4,0.9998,0.9998,1,True
