filepath,filename,behavior,gender,label,resolution,fps,frame_count,duration,split
D:\Sem 7\NNDL\Project Demo\DSM_Dataset-HDTV720\Yawning\Female\HDTV720\P1043088_720.mp4,P1043088_720.mp4,Yawning,Female,1,1280x720,25.0,3300,132.0,train
D:\Sem 7\NNDL\Project Demo\DSM_Dataset-HDTV720\Yawning\Male\HDTV720\P1042792_720.mp4,P1042792_720.mp4,Yawning,Male,1,1280x720,25.0,1233,49.32,train
D:\Sem 7\NNDL\Project Demo\DSM_Dataset-HDTV720\Yawning\Male\HDTV720\P1042763_720.mp4,P1042763_720.mp4,Yawning,Male,1,1280x720,25.0,816,32.64,train
D:\Sem 7\NNDL\Project Demo\DSM_Dataset-HDTV720\Yawning\Male\HDTV720\P1042748_720.mp4,P1042748_720.mp4,Yawning,Male,1,1280x720,25.0,1320,52.8,train
D:\Sem 7\NNDL\Project Demo\DSM_Dataset-HDTV720\Yawning\Male\HDTV720\P1042773_720.mp4,P1042773_720.mp4,Yawning,Male,1,1280x720,25.0,990,39.6,train
D:\Sem 7\NNDL\Project Demo\DSM_Dataset-HDTV720\Yawning\Female\HDTV720\P1043065_720.mp4,P1043065_720.mp4,Yawning,Female,1,1280x720,25.0,610,24.4,train
D:\Sem 7\NNDL\Project Demo\DSM_Dataset-HDTV720\Microsleep\Male\HDTV720\P1042797_720.mp4,P1042797_720.mp4,Microsleep,Male,1,1280x720,25.0,3145,125.8,train
D:\Sem 7\NNDL\Project Demo\DSM_Dataset-HDTV720\Yawning\Female\HDTV720\P1043086_720.mp4,P1043086_720.mp4,Yawning,Female,1,1280x720,25.0,628,25.12,train
D:\Sem 7\NNDL\Project Demo\DSM_Dataset-HDTV720\Yawning\Female\HDTV720\P1043082_720.mp4,P1043082_720.mp4,Yawning,Female,1,1280x720,25.0,580,23.2,train
D:\Sem 7\NNDL\Project Demo\DSM_Dataset-HDTV720\Yawning\Female\HDTV720\P1043105_720.mp4,P1043105_720.mp4,Yawning,Female,1,1280x720,25.0,490,19.6,train
D:\Sem 7\NNDL\Project Demo\DSM_Dataset-HDTV720\Yawning\Female\HDTV720\P1042780_720.mp4,P1042780_720.mp4,Yawning,Female,1,1280x720,25.0,1027,41.08,train
D:\Sem 7\NNDL\Project Demo\DSM_Dataset-HDTV720\Yawning\Male\HDTV720\P1042761_720.mp4,P1042761_720.mp4,Yawning,Male,1,1280x720,25.0,748,29.92,train
D:\Sem 7\NNDL\Project Demo\DSM_Dataset-HDTV720\Yawning\Female\HDTV720\P1043109_720.mp4,P1043109_720.mp4,Yawning,Female,1,1280x720,25.0,680,27.2,train
D:\Sem 7\NNDL\Project Demo\DSM_Dataset-HDTV720\Yawning\Male\HDTV720\P1043079_720.mp4,P1043079_720.mp4,Yawning,Male,1,1280x720,25.0,588,23.52,train
D:\Sem 7\NNDL\Project Demo\DSM_Dataset-HDTV720\Yawning\Male\HDTV720\P1042749_720.mp4,P1042749_720.mp4,Yawning,Male,1,1280x720,24.0,790,32.92,train
D:\Sem 7\NNDL\Project Demo\DSM_Dataset-HDTV720\Yawning\Male\HDTV720\P1042755_720.mp4,P1042755_720.mp4,Yawning,Male,1,1280x720,25.0,985,39.4,train
D:\Sem 7\NNDL\Project Demo\DSM_Dataset-HDTV720\Yawning\Female\HDTV720\P1042788_720.mp4,P1042788_720.mp4,Yawning,Female,1,1280x720,25.0,1015,40.6,train
D:\Sem 7\NNDL\Project Demo\DSM_Dataset-HDTV720\Yawning\Male\HDTV720\P1042774_720.mp4,P1042774_720.mp4,Yawning,Male,1,1280x720,25.0,710,28.4,train
D:\Sem 7\NNDL\Project Demo\DSM_Dataset-HDTV720\Yawning\Male\HDTV720\P1043076_720.mp4,P1043076_720.mp4,Yawning,Male,1,1280x720,25.0,740,29.6,train
D:\Sem 7\NNDL\Project Demo\DSM_Dataset-HDTV720\Yawning\Female\HDTV720\P1043092_720.mp4,P1043092_720.mp4,Yawning,Female,1,1280x720,25.0,910,36.4,train
D:\Sem 7\NNDL\Project Demo\DSM_Dataset-HDTV720\Yawning\Female\HDTV720\P1043062_720.mp4,P1043062_720.mp4,Yawning,Female,1,1280x720,25.0,730,29.2,train
D:\Sem 7\NNDL\Project Demo\DSM_Dataset-HDTV720\Yawning\Female\HDTV720\P1043064_720.mp4,P1043064_720.mp4,Yawning,Female,1,1280x720,25.0,552,22.08,train
D:\Sem 7\NNDL\Project Demo\DSM_Dataset-HDTV720\Yawning\Male\HDTV720\P1042781_720.mp4,P1042781_720.mp4,Yawning,Male,1,1280x720,25.0,1000,40.0,train
D:\Sem 7\NNDL\Project Demo\DSM_Dataset-HDTV720\Yawning\Female\HDTV720\P1043101_720.mp4,P1043101_720.mp4,Yawning,Female,1,1280x720,25.0,800,32.0,train
D:\Sem 7\NNDL\Project Demo\DSM_Dataset-HDTV720\Yawning\Male\HDTV720\P1042752_720.mp4,P1042752_720.mp4,Yawning,Male,1,1280x720,25.0,1110,44.4,train
D:\Sem 7\NNDL\Project Demo\DSM_Dataset-HDTV720\Yawning\Male\HDTV720\P1043078_720.mp4,P1043078_720.mp4,Yawning,Male,1,1280x720,25.0,588,23.52,train
D:\Sem 7\NNDL\Project Demo\DSM_Dataset-HDTV720\Microsleep\Male\HDTV720\P1042793_720.mp4,P1042793_720.mp4,Microsleep,Male,1,1280x720,25.0,3145,125.8,train
D:\Sem 7\NNDL\Project Demo\DSM_Dataset-HDTV720\Yawning\Female\HDTV720\P1042791_720.mp4,P1042791_720.mp4,Yawning,Female,1,1280x720,25.0,660,26.4,train
D:\Sem 7\NNDL\Project Demo\DSM_Dataset-HDTV720\Yawning\Female\HDTV720\P1043104_720.mp4,P1043104_720.mp4,Yawning,Female,1,1280x720,25.0,580,23.2,train
D:\Sem 7\NNDL\Project Demo\DSM_Dataset-HDTV720\Yawning\Male\HDTV720\P1042759_720.mp4,P1042759_720.mp4,Yawning,Male,1,1280x720,25.0,875,35.0,train
D:\Sem 7\NNDL\Project Demo\DSM_Dataset-HDTV720\Yawning\Female\HDTV720\P1043120_720.mp4,P1043120_720.mp4,Yawning,Female,1,1280x720,25.0,418,16.72,train
D:\Sem 7\NNDL\Project Demo\DSM_Dataset-HDTV720\Yawning\Male\HDTV720\P1042750_720.mp4,P1042750_720.mp4,Yawning,Male,1,1280x720,25.0,865,34.6,train
D:\Sem 7\NNDL\Project Demo\DSM_Dataset-HDTV720\Microsleep\Female\HDTV720\P1043129_720.mp4,P1043129_720.mp4,Microsleep,Female,1,1280x720,25.0,3095,123.8,train
D:\Sem 7\NNDL\Project Demo\DSM_Dataset-HDTV720\Microsleep\Female\HDTV720\P1043114_720.mp4,P1043114_720.mp4,Microsleep,Female,1,1280x720,25.0,350,14.0,train
D:\Sem 7\NNDL\Project Demo\DSM_Dataset-HDTV720\Yawning\Male\HDTV720\P1043123_720.mp4,P1043123_720.mp4,Yawning,Male,1,1280x720,25.0,630,25.2,train
D:\Sem 7\NNDL\Project Demo\DSM_Dataset-HDTV720\Yawning\Female\HDTV720\P1042790_720.mp4,P1042790_720.mp4,Yawning,Female,1,1280x720,25.0,1027,41.08,train
D:\Sem 7\NNDL\Project Demo\DSM_Dataset-HDTV720\Yawning\Male\HDTV720\P1042785_720.mp4,P1042785_720.mp4,Yawning,Male,1,1280x720,25.0,922,36.88,train
D:\Sem 7\NNDL\Project Demo\DSM_Dataset-HDTV720\Yawning\Male\HDTV720\P1042800_720.mp4,P1042800_720.mp4,Yawning,Male,1,1280x720,25.0,595,23.8,train
D:\Sem 7\NNDL\Project Demo\DSM_Dataset-HDTV720\Yawning\Female\HDTV720\P1043111_720.mp4,P1043111_720.mp4,Yawning,Female,1,1280x720,25.0,490,19.6,train
D:\Sem 7\NNDL\Project Demo\DSM_Dataset-HDTV720\Yawning\Female\HDTV720\P1043108_720.mp4,P1043108_720.mp4,Yawning,Female,1,1280x720,25.0,620,24.8,train
D:\Sem 7\NNDL\Project Demo\DSM_Dataset-HDTV720\Yawning\Female\HDTV720\P1043107_720.mp4,P1043107_720.mp4,Yawning,Female,1,1280x720,25.0,3170,126.8,train
D:\Sem 7\NNDL\Project Demo\DSM_Dataset-HDTV720\Yawning\Male\HDTV720\P1042771_720.mp4,P1042771_720.mp4,Yawning,Male,1,1280x720,25.0,815,32.6,train
D:\Sem 7\NNDL\Project Demo\DSM_Dataset-HDTV720\Yawning\Female\HDTV720\P1043119_720.mp4,P1043119_720.mp4,Yawning,Female,1,1280x720,25.0,480,19.2,train
D:\Sem 7\NNDL\Project Demo\DSM_Dataset-HDTV720\Yawning\Male\HDTV720\P1043125_720.mp4,P1043125_720.mp4,Yawning,Male,1,1280x720,25.0,473,18.92,train
D:\Sem 7\NNDL\Project Demo\DSM_Dataset-HDTV720\Yawning\Male\HDTV720\P1042796_720.mp4,P1042796_720.mp4,Yawning,Male,1,1280x720,25.0,760,30.4,train
D:\Sem 7\NNDL\Project Demo\DSM_Dataset-HDTV720\Yawning\Female\HDTV720\P1043061_720.mp4,P1043061_720.mp4,Yawning,Female,1,1280x720,25.0,623,24.92,train
D:\Sem 7\NNDL\Project Demo\DSM_Dataset-HDTV720\Microsleep\Female\HDTV720\P1043106_720.mp4,P1043106_720.mp4,Microsleep,Female,1,1280x720,25.0,3100,124.0,train
D:\Sem 7\NNDL\Project Demo\DSM_Dataset-HDTV720\Yawning\Female\HDTV720\P1042789_720.mp4,P1042789_720.mp4,Yawning,Female,1,1280x720,25.0,922,36.88,train
D:\Sem 7\NNDL\Project Demo\DSM_Dataset-HDTV720\Yawning\Female\HDTV720\P1043132_720.mp4,P1043132_720.mp4,Yawning,Female,1,1280x720,25.0,705,28.2,train
D:\Sem 7\NNDL\Project Demo\DSM_Dataset-HDTV720\Yawning\Male\HDTV720\P1042784_720.mp4,P1042784_720.mp4,Yawning,Male,1,1280x720,25.0,1318,52.72,train
D:\Sem 7\NNDL\Project Demo\DSM_Dataset-HDTV720\Yawning\Female\HDTV720\P1043087_720.mp4,P1043087_720.mp4,Yawning,Female,1,1280x720,25.0,563,22.52,train
D:\Sem 7\NNDL\Project Demo\DSM_Dataset-HDTV720\Yawning\Female\HDTV720\P1043102_720.mp4,P1043102_720.mp4,Yawning,Female,1,1280x720,25.0,690,27.6,train
D:\Sem 7\NNDL\Project Demo\DSM_Dataset-HDTV720\Microsleep\Male\HDTV720\P1042772_720.mp4,P1042772_720.mp4,Microsleep,Male,1,1280x720,25.0,3105,124.2,train
D:\Sem 7\NNDL\Project Demo\DSM_Dataset-HDTV720\Yawning\Female\HDTV720\P1043063_720.mp4,P1043063_720.mp4,Yawning,Female,1,1280x720,25.0,705,28.2,train
D:\Sem 7\NNDL\Project Demo\DSM_Dataset-HDTV720\Yawning\Male\HDTV720\P1042754_720.mp4,P1042754_720.mp4,Yawning,Male,1,1280x720,25.0,1160,46.4,train
D:\Sem 7\NNDL\Project Demo\DSM_Dataset-HDTV720\Yawning\Male\HDTV720\P1042764_720.mp4,P1042764_720.mp4,Yawning,Male,1,1280x720,25.0,885,35.4,train
D:\Sem 7\NNDL\Project Demo\DSM_Dataset-HDTV720\Yawning\Female\HDTV720\P1043116_720.mp4,P1043116_720.mp4,Yawning,Female,1,1280x720,25.0,525,21.0,train
D:\Sem 7\NNDL\Project Demo\DSM_Dataset-HDTV720\Microsleep\Male\HDTV720\P1042757_720.mp4,P1042757_720.mp4,Microsleep,Male,1,1280x720,25.0,3650,146.0,train
D:\Sem 7\NNDL\Project Demo\DSM_Dataset-HDTV720\Yawning\Female\HDTV720\P1042777_720.mp4,P1042777_720.mp4,Yawning,Female,1,1280x720,25.0,3118,124.72,train
D:\Sem 7\NNDL\Project Demo\DSM_Dataset-HDTV720\Yawning\Female\HDTV720\P1043118_720.mp4,P1043118_720.mp4,Yawning,Female,1,1280x720,25.0,537,21.48,train
D:\Sem 7\NNDL\Project Demo\DSM_Dataset-HDTV720\Yawning\Female\HDTV720\P1043070_720.mp4,P1043070_720.mp4,Yawning,Female,1,1280x720,25.0,620,24.8,train
D:\Sem 7\NNDL\Project Demo\DSM_Dataset-HDTV720\Yawning\Male\HDTV720\P1042770_720.mp4,P1042770_720.mp4,Yawning,Male,1,1280x720,25.0,1280,51.2,train
D:\Sem 7\NNDL\Project Demo\DSM_Dataset-HDTV720\Yawning\Female\HDTV720\P1043085_720.mp4,P1043085_720.mp4,Yawning,Female,1,1280x720,25.0,740,29.6,train
D:\Sem 7\NNDL\Project Demo\DSM_Dataset-HDTV720\Yawning\Male\HDTV720\P1042798_720.mp4,P1042798_720.mp4,Yawning,Male,1,1280x720,25.0,1000,40.0,train
D:\Sem 7\NNDL\Project Demo\DSM_Dataset-HDTV720\Microsleep\Female\HDTV720\P1043089_720.mp4,P1043089_720.mp4,Microsleep,Female,1,1280x720,25.0,3120,124.8,train
D:\Sem 7\NNDL\Project Demo\DSM_Dataset-HDTV720\Microsleep\Female\HDTV720\P1043067_720.mp4,P1043067_720.mp4,Microsleep,Female,1,1280x720,25.0,3285,131.4,train
D:\Sem 7\NNDL\Project Demo\DSM_Dataset-HDTV720\Yawning\Female\HDTV720\P1043093_720.mp4,P1043093_720.mp4,Yawning,Female,1,1280x720,25.0,572,22.88,train
D:\Sem 7\NNDL\Project Demo\DSM_Dataset-HDTV720\Yawning\Male\HDTV720\P1043080_720.mp4,P1043080_720.mp4,Yawning,Male,1,1280x720,25.0,550,22.0,train
D:\Sem 7\NNDL\Project Demo\DSM_Dataset-HDTV720\Yawning\Male\HDTV720\P1042768_720.mp4,P1042768_720.mp4,Yawning,Male,1,1280x720,25.0,790,31.6,train
D:\Sem 7\NNDL\Project Demo\DSM_Dataset-HDTV720\Yawning\Female\HDTV720\P1043073_720.mp4,P1043073_720.mp4,Yawning,Female,1,1280x720,25.0,570,22.8,train
D:\Sem 7\NNDL\Project Demo\DSM_Dataset-HDTV720\Yawning\Female\HDTV720\P1043130_720.mp4,P1043130_720.mp4,Yawning,Female,1,1280x720,25.0,370,14.8,train
D:\Sem 7\NNDL\Project Demo\DSM_Dataset-HDTV720\Yawning\Male\HDTV720\P1043081_720.mp4,P1043081_720.mp4,Yawning,Male,1,1280x720,25.0,600,24.0,train
D:\Sem 7\NNDL\Project Demo\DSM_Dataset-HDTV720\Yawning\Female\HDTV720\P1043131_720.mp4,P1043131_720.mp4,Yawning,Female,1,1280x720,25.0,670,26.8,train
D:\Sem 7\NNDL\Project Demo\DSM_Dataset-HDTV720\Yawning\Female\HDTV720\P1043066_720.mp4,P1043066_720.mp4,Yawning,Female,1,1280x720,25.0,730,29.2,train
D:\Sem 7\NNDL\Project Demo\DSM_Dataset-HDTV720\Yawning\Male\HDTV720\P1042775_720.mp4,P1042775_720.mp4,Yawning,Male,1,1280x720,25.0,837,33.48,train
D:\Sem 7\NNDL\Project Demo\DSM_Dataset-HDTV720\Yawning\Female\HDTV720\P1043133_720.mp4,P1043133_720.mp4,Yawning,Female,1,1280x720,25.0,705,28.2,train
D:\Sem 7\NNDL\Project Demo\DSM_Dataset-HDTV720\Microsleep\Male\HDTV720\P1042767_720.mp4,P1042767_720.mp4,Microsleep,Male,1,1280x720,25.0,3230,129.2,train
D:\Sem 7\NNDL\Project Demo\DSM_Dataset-HDTV720\Yawning\Male\HDTV720\P1042783_720.mp4,P1042783_720.mp4,Yawning,Male,1,1280x720,25.0,815,32.6,train
D:\Sem 7\NNDL\Project Demo\DSM_Dataset-HDTV720\Yawning\Male\HDTV720\P1042782_720.mp4,P1042782_720.mp4,Yawning,Male,1,1280x720,25.0,942,37.68,train
D:\Sem 7\NNDL\Project Demo\DSM_Dataset-HDTV720\Microsleep\Male\HDTV720\P1042751_720.mp4,P1042751_720.mp4,Microsleep,Male,1,1280x720,25.0,3215,128.6,train
D:\Sem 7\NNDL\Project Demo\DSM_Dataset-HDTV720\Yawning\Female\HDTV720\P1043112_720.mp4,P1043112_720.mp4,Yawning,Female,1,1280x720,25.0,515,20.6,train
D:\Sem 7\NNDL\Project Demo\DSM_Dataset-HDTV720\Yawning\Female\HDTV720\P1043060_720.mp4,P1043060_720.mp4,Yawning,Female,1,1280x720,25.0,778,31.12,train
D:\Sem 7\NNDL\Project Demo\DSM_Dataset-HDTV720\Microsleep\Female\HDTV720\P1043068_720.mp4,P1043068_720.mp4,Microsleep,Female,1,1280x720,25.0,3665,146.6,train
D:\Sem 7\NNDL\Project Demo\DSM_Dataset-HDTV720\Yawning\Female\HDTV720\P1043117_720.mp4,P1043117_720.mp4,Yawning,Female,1,1280x720,25.0,480,19.2,train
D:\Sem 7\NNDL\Project Demo\DSM_Dataset-HDTV720\Yawning\Male\HDTV720\P1042769_720.mp4,P1042769_720.mp4,Yawning,Male,1,1280x720,25.0,1510,60.4,train
D:\Sem 7\NNDL\Project Demo\DSM_Dataset-HDTV720\Yawning\Female\HDTV720\P1043069_720.mp4,P1043069_720.mp4,Yawning,Female,1,1280x720,25.0,680,27.2,train
D:\Sem 7\NNDL\Project Demo\DSM_Dataset-HDTV720\Microsleep\Male\HDTV720\P1042756_720.mp4,P1042756_720.mp4,Microsleep,Male,1,1280x720,25.0,3100,124.0,train
D:\Sem 7\NNDL\Project Demo\DSM_Dataset-HDTV720\Yawning\Male\HDTV720\P1043128_720.mp4,P1043128_720.mp4,Yawning,Male,1,1280x720,25.0,490,19.6,train
D:\Sem 7\NNDL\Project Demo\DSM_Dataset-HDTV720\Yawning\Male\HDTV720\P1042799_720.mp4,P1042799_720.mp4,Yawning,Male,1,1280x720,25.0,490,19.6,val
D:\Sem 7\NNDL\Project Demo\DSM_Dataset-HDTV720\Yawning\Male\HDTV720\P1043077_720.mp4,P1043077_720.mp4,Yawning,Male,1,1280x720,25.0,675,27.0,val
D:\Sem 7\NNDL\Project Demo\DSM_Dataset-HDTV720\Yawning\Female\HDTV720\P1043100_720.mp4,P1043100_720.mp4,Yawning,Female,1,1280x720,25.0,800,32.0,val
D:\Sem 7\NNDL\Project Demo\DSM_Dataset-HDTV720\Yawning\Female\HDTV720\P1043083_720.mp4,P1043083_720.mp4,Yawning,Female,1,1280x720,25.0,543,21.72,val
D:\Sem 7\NNDL\Project Demo\DSM_Dataset-HDTV720\Yawning\Male\HDTV720\P1043126_720.mp4,P1043126_720.mp4,Yawning,Male,1,1280x720,25.0,547,21.88,val
D:\Sem 7\NNDL\Project Demo\DSM_Dataset-HDTV720\Yawning\Female\HDTV720\P1043135_720.mp4,P1043135_720.mp4,Yawning,Female,1,1280x720,25.0,680,27.2,val
D:\Sem 7\NNDL\Project Demo\DSM_Dataset-HDTV720\Yawning\Female\HDTV720\P1043072_720.mp4,P1043072_720.mp4,Yawning,Female,1,1280x720,25.0,570,22.8,val
D:\Sem 7\NNDL\Project Demo\DSM_Dataset-HDTV720\Yawning\Male\HDTV720\P1043124_720.mp4,P1043124_720.mp4,Yawning,Male,1,1280x720,25.0,610,24.4,val
D:\Sem 7\NNDL\Project Demo\DSM_Dataset-HDTV720\Yawning\Female\HDTV720\P1043113_720.mp4,P1043113_720.mp4,Yawning,Female,1,1280x720,25.0,805,32.2,val
D:\Sem 7\NNDL\Project Demo\DSM_Dataset-HDTV720\Yawning\Male\HDTV720\P1042794_720.mp4,P1042794_720.mp4,Yawning,Male,1,1280x720,25.0,760,30.4,val
D:\Sem 7\NNDL\Project Demo\DSM_Dataset-HDTV720\Yawning\Female\HDTV720\P1043090_720.mp4,P1043090_720.mp4,Yawning,Female,1,1280x720,25.0,830,33.2,val
D:\Sem 7\NNDL\Project Demo\DSM_Dataset-HDTV720\Yawning\Male\HDTV720\P1042753_720.mp4,P1042753_720.mp4,Yawning,Male,1,1280x720,25.0,1055,42.2,val
D:\Sem 7\NNDL\Project Demo\DSM_Dataset-HDTV720\Yawning\Female\HDTV720\P1042779_720.mp4,P1042779_720.mp4,Yawning,Female,1,1280x720,25.0,1090,43.6,val
D:\Sem 7\NNDL\Project Demo\DSM_Dataset-HDTV720\Microsleep\Female\HDTV720\P1042787_720.mp4,P1042787_720.mp4,Microsleep,Female,1,1280x720,25.0,3288,131.52,val
D:\Sem 7\NNDL\Project Demo\DSM_Dataset-HDTV720\Microsleep\Male\HDTV720\P1042762_720.mp4,P1042762_720.mp4,Microsleep,Male,1,1280x720,25.0,3095,123.8,val
D:\Sem 7\NNDL\Project Demo\DSM_Dataset-HDTV720\Microsleep\Male\HDTV720\P1043122_720.mp4,P1043122_720.mp4,Microsleep,Male,1,1280x720,25.0,3125,125.0,val
D:\Sem 7\NNDL\Project Demo\DSM_Dataset-HDTV720\Yawning\Female\HDTV720\P1043095_720.mp4,P1043095_720.mp4,Yawning,Female,1,1280x720,25.0,572,22.88,val
D:\Sem 7\NNDL\Project Demo\DSM_Dataset-HDTV720\Yawning\Female\HDTV720\P1043071_720.mp4,P1043071_720.mp4,Yawning,Female,1,1280x720,25.0,737,29.48,val
D:\Sem 7\NNDL\Project Demo\DSM_Dataset-HDTV720\Yawning\Male\HDTV720\P1042760_720.mp4,P1042760_720.mp4,Yawning,Male,1,1280x720,25.0,1295,51.8,val
D:\Sem 7\NNDL\Project Demo\DSM_Dataset-HDTV720\Yawning\Male\HDTV720\P1042795_720.mp4,P1042795_720.mp4,Yawning,Male,1,1280x720,25.0,1060,42.4,test
D:\Sem 7\NNDL\Project Demo\DSM_Dataset-HDTV720\Yawning\Female\HDTV720\P1043103_720.mp4,P1043103_720.mp4,Yawning,Female,1,1280x720,25.0,575,23.0,test
D:\Sem 7\NNDL\Project Demo\DSM_Dataset-HDTV720\Yawning\Female\HDTV720\P1043074_720.mp4,P1043074_720.mp4,Yawning,Female,1,1280x720,25.0,570,22.8,test
D:\Sem 7\NNDL\Project Demo\DSM_Dataset-HDTV720\Yawning\Male\HDTV720\P1042758_720.mp4,P1042758_720.mp4,Yawning,Male,1,1280x720,25.0,1080,43.2,test
D:\Sem 7\NNDL\Project Demo\DSM_Dataset-HDTV720\Yawning\Male\HDTV720\P1043127_720.mp4,P1043127_720.mp4,Yawning,Male,1,1280x720,25.0,470,18.8,test
D:\Sem 7\NNDL\Project Demo\DSM_Dataset-HDTV720\Yawning\Female\HDTV720\P1043091_720.mp4,P1043091_720.mp4,Yawning,Female,1,1280x720,25.0,644,25.76,test
D:\Sem 7\NNDL\Project Demo\DSM_Dataset-HDTV720\Microsleep\Male\HDTV720\P1043075_720.mp4,P1043075_720.mp4,Microsleep,Male,1,1280x720,25.0,3285,131.4,test
D:\Sem 7\NNDL\Project Demo\DSM_Dataset-HDTV720\Yawning\Male\HDTV720\P1042776_720.mp4,P1042776_720.mp4,Yawning,Male,1,1280x720,25.0,788,31.52,test
D:\Sem 7\NNDL\Project Demo\DSM_Dataset-HDTV720\Yawning\Female\HDTV720\P1043084_720.mp4,P1043084_720.mp4,Yawning,Female,1,1280x720,25.0,735,29.4,test
D:\Sem 7\NNDL\Project Demo\DSM_Dataset-HDTV720\Yawning\Female\HDTV720\P1043094_720.mp4,P1043094_720.mp4,Yawning,Female,1,1280x720,25.0,670,26.8,test
D:\Sem 7\NNDL\Project Demo\DSM_Dataset-HDTV720\Microsleep\Male\HDTV720\P1042786_720.mp4,P1042786_720.mp4,Microsleep,Male,1,1280x720,25.0,3275,131.0,test
D:\Sem 7\NNDL\Project Demo\DSM_Dataset-HDTV720\Yawning\Female\HDTV720\P1043134_720.mp4,P1043134_720.mp4,Yawning,Female,1,1280x720,25.0,635,25.4,test
D:\Sem 7\NNDL\Project Demo\DSM_Dataset-HDTV720\Yawning\Male\HDTV720\P1042801_720.mp4,P1042801_720.mp4,Yawning,Male,1,1280x720,25.0,590,23.6,test
D:\Sem 7\NNDL\Project Demo\DSM_Dataset-HDTV720\Yawning\Female\HDTV720\P1043121_720.mp4,P1043121_720.mp4,Yawning,Female,1,1280x720,25.0,595,23.8,test
D:\Sem 7\NNDL\Project Demo\DSM_Dataset-HDTV720\Yawning\Female\HDTV720\P1043110_720.mp4,P1043110_720.mp4,Yawning,Female,1,1280x720,25.0,440,17.6,test
D:\Sem 7\NNDL\Project Demo\DSM_Dataset-HDTV720\Microsleep\Female\HDTV720\P1043115_720.mp4,P1043115_720.mp4,Microsleep,Female,1,1280x720,25.0,3055,122.2,test
D:\Sem 7\NNDL\Project Demo\DSM_Dataset-HDTV720\Yawning\Male\HDTV720\P1042765_720.mp4,P1042765_720.mp4,Yawning,Male,1,1280x720,25.0,780,31.2,test
D:\Sem 7\NNDL\Project Demo\DSM_Dataset-HDTV720\Yawning\Male\HDTV720\P1042766_720.mp4,P1042766_720.mp4,Yawning,Male,1,1280x720,25.0,660,26.4,test
D:\Sem 7\NNDL\Project Demo\DSM_Dataset-HDTV720\Yawning\Female\HDTV720\P1042778_720.mp4,P1042778_720.mp4,Yawning,Female,1,1280x720,25.0,1490,59.6,test
