dataset_source,participant_id,video_filename,behavior,label,split,source_fps,resolution,frame_count,duration_seconds
UTA-RLDD,P01,Fold1_part1\01\0.mov,Alert,0,train,29.97,1080x1920,18053,602.39
UTA-RLDD,P01,Fold1_part1\01\10.MOV,Drowsy,1,train,29.97,1080x1920,18011,600.99
UTA-RLDD,P01,Fold1_part1\01\5.mov,LowVigilant,1,train,29.97,1080x1920,17969,599.59
UTA-RLDD,P02,Fold1_part1\02\0.mov,Alert,0,train,29.97,1080x1920,18263,609.4
UTA-RLDD,P02,Fold1_part1\02\10.MOV,Drowsy,1,train,29.97,1080x1920,18124,604.76
UTA-RLDD,P02,Fold1_part1\02\5.MOV,LowVigilant,1,train,29.97,1080x1920,18103,604.06
UTA-RLDD,P03,Fold1_part1\03\0.MOV,Alert,0,train,29.97,1080x1920,20763,692.82
UTA-RLDD,P03,Fold1_part1\03\10.mov,Drowsy,1,train,30.0,1080x720,18480,616.1
UTA-RLDD,P03,Fold1_part1\03\5.mov,LowVigilant,1,train,29.99,1080x720,18514,617.37
UTA-RLDD,P04,Fold1_part1\04\0.mp4,Alert,0,test,25.0,848x480,15364,614.56
UTA-RLDD,P04,Fold1_part1\04\10.mp4,Drowsy,1,test,25.0,480x848,15394,615.76
UTA-RLDD,P04,Fold1_part1\04\5.mp4,LowVigilant,1,test,30.0,1280x720,18224,607.47
UTA-RLDD,P05,Fold1_part1\05\0.MOV,Alert,0,val,30.02,720x1280,18410,613.16
UTA-RLDD,P05,Fold1_part1\05\10.MOV,Drowsy,1,val,30.02,720x1280,18050,601.17
UTA-RLDD,P05,Fold1_part1\05\5.MOV,LowVigilant,1,val,30.02,720x1280,18062,601.57
UTA-RLDD,P06,Fold1_part1\06\0.mp4,Alert,0,train,24.96,1920x1080,15230,610.12
UTA-RLDD,P06,Fold1_part1\06\10.mp4,Drowsy,1,train,23.82,1920x1080,10233,429.6
UTA-RLDD,P06,Fold1_part1\06\5.mp4,LowVigilant,1,train,29.91,1920x1080,13117,438.59
UTA-RLDD,P07,Fold1_part2\07\0.mp4,Alert,0,test,29.99,1080x1920,18016,600.71
UTA-RLDD,P07,Fold1_part2\07\10.mp4,Drowsy,1,test,29.79,1080x1920,17939,602.19
UTA-RLDD,P07,Fold1_part2\07\5.mp4,LowVigilant,1,test,29.78,1920x1080,17886,600.68
UTA-RLDD,P08,Fold1_part2\08\0.mp4,Alert,0,val,30.0,480x720,18158,605.27
UTA-RLDD,P08,Fold1_part2\08\10.mp4,Drowsy,1,val,30.0,1080x1920,17989,599.63
UTA-RLDD,P08,Fold1_part2\08\5.mp4,LowVigilant,1,val,30.0,1080x1920,18048,601.6
UTA-RLDD,P09,Fold1_part2\09\0.mp4,Alert,0,train,29.79,1440x2560,18172,610.03
UTA-RLDD,P09,Fold1_part2\09\10.mp4,Drowsy,1,train,29.79,1440x2560,19816,665.21
UTA-RLDD,P09,Fold1_part2\09\5.mp4,LowVigilant,1,train,30.01,1440x2560,18367,612.09
UTA-RLDD,P10,Fold1_part2\10\0.MOV,Alert,0,train,30.02,320x568,16309,543.18
UTA-RLDD,P10,Fold1_part2\10\10.MOV,Drowsy,1,train,30.02,720x1280,18866,628.35
UTA-RLDD,P10,Fold1_part2\10\5.MOV,LowVigilant,1,train,30.02,720x1280,18620,620.16
UTA-RLDD,P11,Fold1_part2\11\0.mp4,Alert,0,train,29.94,1280x720,18818,628.53
UTA-RLDD,P11,Fold1_part2\11\10.mp4,Drowsy,1,train,17.16,1280x720,10656,620.96
UTA-RLDD,P11,Fold1_part2\11\5.mp4,LowVigilant,1,train,15.03,1280x720,9853,655.52
UTA-RLDD,P12,Fold1_part2\12\0.mp4,Alert,0,train,30.17,1280x720,16919,560.71
UTA-RLDD,P12,Fold1_part2\12\10.mp4,Drowsy,1,train,30.17,1280x720,15098,500.35
UTA-RLDD,P12,Fold1_part2\12\5.mp4,LowVigilant,1,train,30.17,1280x720,18838,624.31
